BEGIN DATA:,,,
Reader1 ,Actual101 ,modalityA ,1
truth ,Actual101 ,truth ,1
Reader1 ,Actual102 ,modalityA ,1
truth ,Actual102 ,truth ,1
Reader1 ,Actual103 ,modalityA ,1
truth ,Actual103 ,truth ,1
Reader1 ,Actual104 ,modalityA ,1
truth ,Actual104 ,truth ,1
Reader1 ,Actual105 ,modalityA ,0
truth ,Actual105 ,truth ,1
Reader1 ,Actual106 ,modalityA ,1
truth ,Actual106 ,truth ,1
Reader1 ,Actual107 ,modalityA ,1
truth ,Actual107 ,truth ,1
Reader1 ,Actual108 ,modalityA ,1
truth ,Actual108 ,truth ,1
Reader1 ,Actual109 ,modalityA ,1
truth ,Actual109 ,truth ,1
Reader1 ,Actual110 ,modalityA ,0
truth ,Actual110 ,truth ,1
Reader1 ,Actual111 ,modalityA ,1
truth ,Actual111 ,truth ,1
Reader1 ,Actual112 ,modalityA ,1
truth ,Actual112 ,truth ,1
Reader1 ,Actual113 ,modalityA ,1
truth ,Actual113 ,truth ,1
Reader1 ,Actual114 ,modalityA ,1
truth ,Actual114 ,truth ,1
Reader1 ,Actual115 ,modalityA ,0
truth ,Actual115 ,truth ,1
Reader1 ,Actual116 ,modalityA ,1
truth ,Actual116 ,truth ,1
Reader1 ,Actual117 ,modalityA ,1
truth ,Actual117 ,truth ,1
Reader1 ,Actual118 ,modalityA ,1
truth ,Actual118 ,truth ,1
Reader1 ,Actual119 ,modalityA ,1
truth ,Actual119 ,truth ,1
Reader1 ,Actual120 ,modalityA ,0
truth ,Actual120 ,truth ,1
Reader1 ,Actual121 ,modalityA ,1
truth ,Actual121 ,truth ,1
Reader1 ,Actual122 ,modalityA ,1
truth ,Actual122 ,truth ,1
Reader1 ,Actual123 ,modalityA ,1
truth ,Actual123 ,truth ,1
Reader1 ,Actual124 ,modalityA ,1
truth ,Actual124 ,truth ,1
Reader1 ,Actual125 ,modalityA ,0
truth ,Actual125 ,truth ,1
Reader1 ,Actual126 ,modalityA ,1
truth ,Actual126 ,truth ,1
Reader1 ,Actual127 ,modalityA ,1
truth ,Actual127 ,truth ,1
Reader1 ,Actual128 ,modalityA ,1
truth ,Actual128 ,truth ,1
Reader1 ,Actual129 ,modalityA ,1
truth ,Actual129 ,truth ,1
Reader1 ,Actual130 ,modalityA ,0
truth ,Actual130 ,truth ,1
Reader1 ,Actual131 ,modalityA ,1
truth ,Actual131 ,truth ,1
Reader1 ,Actual132 ,modalityA ,1
truth ,Actual132 ,truth ,1
Reader1 ,Actual133 ,modalityA ,1
truth ,Actual133 ,truth ,1
Reader1 ,Actual134 ,modalityA ,1
truth ,Actual134 ,truth ,1
Reader1 ,Actual135 ,modalityA ,0
truth ,Actual135 ,truth ,1
Reader1 ,Actual136 ,modalityA ,1
truth ,Actual136 ,truth ,1
Reader1 ,Actual137 ,modalityA ,1
truth ,Actual137 ,truth ,1
Reader1 ,Actual138 ,modalityA ,1
truth ,Actual138 ,truth ,1
Reader1 ,Actual139 ,modalityA ,1
truth ,Actual139 ,truth ,1
Reader1 ,Actual140 ,modalityA ,0
truth ,Actual140 ,truth ,1
Reader1 ,Actual141 ,modalityA ,1
truth ,Actual141 ,truth ,1
Reader1 ,Actual142 ,modalityA ,1
truth ,Actual142 ,truth ,1
Reader2 ,Actual201 ,modalityA ,1
truth ,Actual201 ,truth ,1
Reader2 ,Actual202 ,modalityA ,1
truth ,Actual202 ,truth ,1
Reader2 ,Actual203 ,modalityA ,1
truth ,Actual203 ,truth ,1
Reader2 ,Actual204 ,modalityA ,1
truth ,Actual204 ,truth ,1
Reader2 ,Actual205 ,modalityA ,1
truth ,Actual205 ,truth ,1
Reader2 ,Actual206 ,modalityA ,1
truth ,Actual206 ,truth ,1
Reader2 ,Actual207 ,modalityA ,1
truth ,Actual207 ,truth ,1
Reader2 ,Actual208 ,modalityA ,1
truth ,Actual208 ,truth ,1
Reader2 ,Actual209 ,modalityA ,1
truth ,Actual209 ,truth ,1
Reader2 ,Actual210 ,modalityA ,1
truth ,Actual210 ,truth ,1
Reader2 ,Actual211 ,modalityA ,1
truth ,Actual211 ,truth ,1
Reader2 ,Actual212 ,modalityA ,1
truth ,Actual212 ,truth ,1
Reader2 ,Actual213 ,modalityA ,1
truth ,Actual213 ,truth ,1
Reader2 ,Actual214 ,modalityA ,1
truth ,Actual214 ,truth ,1
Reader2 ,Actual215 ,modalityA ,1
truth ,Actual215 ,truth ,1
Reader2 ,Actual216 ,modalityA ,1
truth ,Actual216 ,truth ,1
Reader2 ,Actual217 ,modalityA ,0
truth ,Actual217 ,truth ,1
Reader2 ,Actual218 ,modalityA ,1
truth ,Actual218 ,truth ,1
Reader2 ,Actual219 ,modalityA ,1
truth ,Actual219 ,truth ,1
Reader2 ,Actual220 ,modalityA ,0
truth ,Actual220 ,truth ,1
Reader2 ,Actual221 ,modalityA ,1
truth ,Actual221 ,truth ,1
Reader2 ,Actual222 ,modalityA ,1
truth ,Actual222 ,truth ,1
Reader2 ,Actual223 ,modalityA ,1
truth ,Actual223 ,truth ,1
Reader2 ,Actual224 ,modalityA ,1
truth ,Actual224 ,truth ,1
Reader2 ,Actual225 ,modalityA ,1
truth ,Actual225 ,truth ,1
Reader2 ,Actual226 ,modalityA ,1
truth ,Actual226 ,truth ,1
Reader2 ,Actual227 ,modalityA ,1
truth ,Actual227 ,truth ,1
Reader2 ,Actual228 ,modalityA ,1
truth ,Actual228 ,truth ,1
Reader2 ,Actual229 ,modalityA ,1
truth ,Actual229 ,truth ,1
Reader2 ,Actual230 ,modalityA ,1
truth ,Actual230 ,truth ,1
Reader2 ,Actual231 ,modalityA ,1
truth ,Actual231 ,truth ,1
Reader2 ,Actual232 ,modalityA ,1
truth ,Actual232 ,truth ,1
Reader2 ,Actual233 ,modalityA ,1
truth ,Actual233 ,truth ,1
Reader2 ,Actual234 ,modalityA ,1
truth ,Actual234 ,truth ,1
Reader2 ,Actual235 ,modalityA ,1
truth ,Actual235 ,truth ,1
Reader2 ,Actual236 ,modalityA ,1
truth ,Actual236 ,truth ,1
Reader2 ,Actual237 ,modalityA ,1
truth ,Actual237 ,truth ,1
Reader2 ,Actual238 ,modalityA ,1
truth ,Actual238 ,truth ,1
Reader2 ,Actual239 ,modalityA ,1
truth ,Actual239 ,truth ,1
Reader2 ,Actual240 ,modalityA ,1
truth ,Actual240 ,truth ,1
Reader2 ,Actual241 ,modalityA ,1
truth ,Actual241 ,truth ,1
Reader2 ,Actual242 ,modalityA ,1
truth ,Actual242 ,truth ,1
Reader3 ,Actual301 ,modalityA ,1
truth ,Actual301 ,truth ,1
Reader3 ,Actual302 ,modalityA ,1
truth ,Actual302 ,truth ,1
Reader3 ,Actual303 ,modalityA ,1
truth ,Actual303 ,truth ,1
Reader3 ,Actual304 ,modalityA ,1
truth ,Actual304 ,truth ,1
Reader3 ,Actual305 ,modalityA ,0
truth ,Actual305 ,truth ,1
Reader3 ,Actual306 ,modalityA ,1
truth ,Actual306 ,truth ,1
Reader3 ,Actual307 ,modalityA ,1
truth ,Actual307 ,truth ,1
Reader3 ,Actual308 ,modalityA ,1
truth ,Actual308 ,truth ,1
Reader3 ,Actual309 ,modalityA ,1
truth ,Actual309 ,truth ,1
Reader3 ,Actual310 ,modalityA ,0
truth ,Actual310 ,truth ,1
Reader3 ,Actual311 ,modalityA ,1
truth ,Actual311 ,truth ,1
Reader3 ,Actual312 ,modalityA ,1
truth ,Actual312 ,truth ,1
Reader3 ,Actual313 ,modalityA ,1
truth ,Actual313 ,truth ,1
Reader3 ,Actual314 ,modalityA ,1
truth ,Actual314 ,truth ,1
Reader3 ,Actual315 ,modalityA ,0
truth ,Actual315 ,truth ,1
Reader3 ,Actual316 ,modalityA ,1
truth ,Actual316 ,truth ,1
Reader3 ,Actual317 ,modalityA ,1
truth ,Actual317 ,truth ,1
Reader3 ,Actual318 ,modalityA ,1
truth ,Actual318 ,truth ,1
Reader3 ,Actual319 ,modalityA ,1
truth ,Actual319 ,truth ,1
Reader3 ,Actual320 ,modalityA ,0
truth ,Actual320 ,truth ,1
Reader3 ,Actual321 ,modalityA ,1
truth ,Actual321 ,truth ,1
Reader3 ,Actual322 ,modalityA ,1
truth ,Actual322 ,truth ,1
Reader3 ,Actual323 ,modalityA ,1
truth ,Actual323 ,truth ,1
Reader3 ,Actual324 ,modalityA ,1
truth ,Actual324 ,truth ,1
Reader3 ,Actual325 ,modalityA ,0
truth ,Actual325 ,truth ,1
Reader3 ,Actual326 ,modalityA ,1
truth ,Actual326 ,truth ,1
Reader3 ,Actual327 ,modalityA ,1
truth ,Actual327 ,truth ,1
Reader3 ,Actual328 ,modalityA ,1
truth ,Actual328 ,truth ,1
Reader3 ,Actual329 ,modalityA ,1
truth ,Actual329 ,truth ,1
Reader3 ,Actual330 ,modalityA ,0
truth ,Actual330 ,truth ,1
Reader3 ,Actual331 ,modalityA ,1
truth ,Actual331 ,truth ,1
Reader3 ,Actual332 ,modalityA ,1
truth ,Actual332 ,truth ,1
Reader3 ,Actual333 ,modalityA ,1
truth ,Actual333 ,truth ,1
Reader3 ,Actual334 ,modalityA ,1
truth ,Actual334 ,truth ,1
Reader3 ,Actual335 ,modalityA ,0
truth ,Actual335 ,truth ,1
Reader3 ,Actual336 ,modalityA ,1
truth ,Actual336 ,truth ,1
Reader3 ,Actual337 ,modalityA ,1
truth ,Actual337 ,truth ,1
Reader3 ,Actual338 ,modalityA ,1
truth ,Actual338 ,truth ,1
Reader3 ,Actual339 ,modalityA ,1
truth ,Actual339 ,truth ,1
Reader3 ,Actual340 ,modalityA ,0
truth ,Actual340 ,truth ,1
Reader3 ,Actual341 ,modalityA ,1
truth ,Actual341 ,truth ,1
Reader3 ,Actual342 ,modalityA ,1
truth ,Actual342 ,truth ,1
Reader4 ,Actual401 ,modalityA ,1
truth ,Actual401 ,truth ,1
Reader4 ,Actual402 ,modalityA ,1
truth ,Actual402 ,truth ,1
Reader4 ,Actual403 ,modalityA ,1
truth ,Actual403 ,truth ,1
Reader4 ,Actual404 ,modalityA ,1
truth ,Actual404 ,truth ,1
Reader4 ,Actual405 ,modalityA ,1
truth ,Actual405 ,truth ,1
Reader4 ,Actual406 ,modalityA ,1
truth ,Actual406 ,truth ,1
Reader4 ,Actual407 ,modalityA ,1
truth ,Actual407 ,truth ,1
Reader4 ,Actual408 ,modalityA ,1
truth ,Actual408 ,truth ,1
Reader4 ,Actual409 ,modalityA ,1
truth ,Actual409 ,truth ,1
Reader4 ,Actual410 ,modalityA ,1
truth ,Actual410 ,truth ,1
Reader4 ,Actual411 ,modalityA ,1
truth ,Actual411 ,truth ,1
Reader4 ,Actual412 ,modalityA ,1
truth ,Actual412 ,truth ,1
Reader4 ,Actual413 ,modalityA ,1
truth ,Actual413 ,truth ,1
Reader4 ,Actual414 ,modalityA ,1
truth ,Actual414 ,truth ,1
Reader4 ,Actual415 ,modalityA ,1
truth ,Actual415 ,truth ,1
Reader4 ,Actual416 ,modalityA ,1
truth ,Actual416 ,truth ,1
Reader4 ,Actual417 ,modalityA ,0
truth ,Actual417 ,truth ,1
Reader4 ,Actual418 ,modalityA ,1
truth ,Actual418 ,truth ,1
Reader4 ,Actual419 ,modalityA ,1
truth ,Actual419 ,truth ,1
Reader4 ,Actual420 ,modalityA ,0
truth ,Actual420 ,truth ,1
Reader4 ,Actual421 ,modalityA ,1
truth ,Actual421 ,truth ,1
Reader4 ,Actual422 ,modalityA ,1
truth ,Actual422 ,truth ,1
Reader4 ,Actual423 ,modalityA ,1
truth ,Actual423 ,truth ,1
Reader4 ,Actual424 ,modalityA ,1
truth ,Actual424 ,truth ,1
Reader4 ,Actual425 ,modalityA ,1
truth ,Actual425 ,truth ,1
Reader4 ,Actual426 ,modalityA ,1
truth ,Actual426 ,truth ,1
Reader4 ,Actual427 ,modalityA ,1
truth ,Actual427 ,truth ,1
Reader4 ,Actual428 ,modalityA ,1
truth ,Actual428 ,truth ,1
Reader4 ,Actual429 ,modalityA ,1
truth ,Actual429 ,truth ,1
Reader4 ,Actual430 ,modalityA ,1
truth ,Actual430 ,truth ,1
Reader4 ,Actual431 ,modalityA ,1
truth ,Actual431 ,truth ,1
Reader4 ,Actual432 ,modalityA ,1
truth ,Actual432 ,truth ,1
Reader4 ,Actual433 ,modalityA ,1
truth ,Actual433 ,truth ,1
Reader4 ,Actual434 ,modalityA ,1
truth ,Actual434 ,truth ,1
Reader4 ,Actual435 ,modalityA ,1
truth ,Actual435 ,truth ,1
Reader4 ,Actual436 ,modalityA ,1
truth ,Actual436 ,truth ,1
Reader4 ,Actual437 ,modalityA ,1
truth ,Actual437 ,truth ,1
Reader4 ,Actual438 ,modalityA ,1
truth ,Actual438 ,truth ,1
Reader4 ,Actual439 ,modalityA ,1
truth ,Actual439 ,truth ,1
Reader4 ,Actual440 ,modalityA ,1
truth ,Actual440 ,truth ,1
Reader4 ,Actual441 ,modalityA ,1
truth ,Actual441 ,truth ,1
Reader4 ,Actual442 ,modalityA ,1
truth ,Actual442 ,truth ,1
Reader5 ,Actual501 ,modalityA ,1
truth ,Actual501 ,truth ,1
Reader5 ,Actual502 ,modalityA ,1
truth ,Actual502 ,truth ,1
Reader5 ,Actual503 ,modalityA ,1
truth ,Actual503 ,truth ,1
Reader5 ,Actual504 ,modalityA ,1
truth ,Actual504 ,truth ,1
Reader5 ,Actual505 ,modalityA ,0
truth ,Actual505 ,truth ,1
Reader5 ,Actual506 ,modalityA ,1
truth ,Actual506 ,truth ,1
Reader5 ,Actual507 ,modalityA ,1
truth ,Actual507 ,truth ,1
Reader5 ,Actual508 ,modalityA ,1
truth ,Actual508 ,truth ,1
Reader5 ,Actual509 ,modalityA ,1
truth ,Actual509 ,truth ,1
Reader5 ,Actual510 ,modalityA ,0
truth ,Actual510 ,truth ,1
Reader5 ,Actual511 ,modalityA ,1
truth ,Actual511 ,truth ,1
Reader5 ,Actual512 ,modalityA ,1
truth ,Actual512 ,truth ,1
Reader5 ,Actual513 ,modalityA ,1
truth ,Actual513 ,truth ,1
Reader5 ,Actual514 ,modalityA ,1
truth ,Actual514 ,truth ,1
Reader5 ,Actual515 ,modalityA ,0
truth ,Actual515 ,truth ,1
Reader5 ,Actual516 ,modalityA ,1
truth ,Actual516 ,truth ,1
Reader5 ,Actual517 ,modalityA ,1
truth ,Actual517 ,truth ,1
Reader5 ,Actual518 ,modalityA ,1
truth ,Actual518 ,truth ,1
Reader5 ,Actual519 ,modalityA ,1
truth ,Actual519 ,truth ,1
Reader5 ,Actual520 ,modalityA ,0
truth ,Actual520 ,truth ,1
Reader5 ,Actual521 ,modalityA ,1
truth ,Actual521 ,truth ,1
Reader5 ,Actual522 ,modalityA ,1
truth ,Actual522 ,truth ,1
Reader5 ,Actual523 ,modalityA ,1
truth ,Actual523 ,truth ,1
Reader5 ,Actual524 ,modalityA ,1
truth ,Actual524 ,truth ,1
Reader5 ,Actual525 ,modalityA ,0
truth ,Actual525 ,truth ,1
Reader5 ,Actual526 ,modalityA ,1
truth ,Actual526 ,truth ,1
Reader5 ,Actual527 ,modalityA ,1
truth ,Actual527 ,truth ,1
Reader5 ,Actual528 ,modalityA ,1
truth ,Actual528 ,truth ,1
Reader5 ,Actual529 ,modalityA ,1
truth ,Actual529 ,truth ,1
Reader5 ,Actual530 ,modalityA ,0
truth ,Actual530 ,truth ,1
Reader5 ,Actual531 ,modalityA ,1
truth ,Actual531 ,truth ,1
Reader5 ,Actual532 ,modalityA ,1
truth ,Actual532 ,truth ,1
Reader5 ,Actual533 ,modalityA ,1
truth ,Actual533 ,truth ,1
Reader5 ,Actual534 ,modalityA ,1
truth ,Actual534 ,truth ,1
Reader5 ,Actual535 ,modalityA ,0
truth ,Actual535 ,truth ,1
Reader5 ,Actual536 ,modalityA ,1
truth ,Actual536 ,truth ,1
Reader5 ,Actual537 ,modalityA ,1
truth ,Actual537 ,truth ,1
Reader5 ,Actual538 ,modalityA ,1
truth ,Actual538 ,truth ,1
Reader5 ,Actual539 ,modalityA ,1
truth ,Actual539 ,truth ,1
Reader5 ,Actual540 ,modalityA ,0
truth ,Actual540 ,truth ,1
Reader5 ,Actual541 ,modalityA ,1
truth ,Actual541 ,truth ,1
Reader5 ,Actual542 ,modalityA ,1
truth ,Actual542 ,truth ,1
Reader6 ,Actual601 ,modalityA ,1
truth ,Actual601 ,truth ,1
Reader6 ,Actual602 ,modalityA ,1
truth ,Actual602 ,truth ,1
Reader6 ,Actual603 ,modalityA ,1
truth ,Actual603 ,truth ,1
Reader6 ,Actual604 ,modalityA ,1
truth ,Actual604 ,truth ,1
Reader6 ,Actual605 ,modalityA ,1
truth ,Actual605 ,truth ,1
Reader6 ,Actual606 ,modalityA ,1
truth ,Actual606 ,truth ,1
Reader6 ,Actual607 ,modalityA ,1
truth ,Actual607 ,truth ,1
Reader6 ,Actual608 ,modalityA ,1
truth ,Actual608 ,truth ,1
Reader6 ,Actual609 ,modalityA ,1
truth ,Actual609 ,truth ,1
Reader6 ,Actual610 ,modalityA ,1
truth ,Actual610 ,truth ,1
Reader6 ,Actual611 ,modalityA ,1
truth ,Actual611 ,truth ,1
Reader6 ,Actual612 ,modalityA ,1
truth ,Actual612 ,truth ,1
Reader6 ,Actual613 ,modalityA ,1
truth ,Actual613 ,truth ,1
Reader6 ,Actual614 ,modalityA ,1
truth ,Actual614 ,truth ,1
Reader6 ,Actual615 ,modalityA ,1
truth ,Actual615 ,truth ,1
Reader6 ,Actual616 ,modalityA ,1
truth ,Actual616 ,truth ,1
Reader6 ,Actual617 ,modalityA ,0
truth ,Actual617 ,truth ,1
Reader6 ,Actual618 ,modalityA ,1
truth ,Actual618 ,truth ,1
Reader6 ,Actual619 ,modalityA ,1
truth ,Actual619 ,truth ,1
Reader6 ,Actual620 ,modalityA ,0
truth ,Actual620 ,truth ,1
Reader6 ,Actual621 ,modalityA ,1
truth ,Actual621 ,truth ,1
Reader6 ,Actual622 ,modalityA ,1
truth ,Actual622 ,truth ,1
Reader6 ,Actual623 ,modalityA ,1
truth ,Actual623 ,truth ,1
Reader6 ,Actual624 ,modalityA ,1
truth ,Actual624 ,truth ,1
Reader6 ,Actual625 ,modalityA ,1
truth ,Actual625 ,truth ,1
Reader6 ,Actual626 ,modalityA ,1
truth ,Actual626 ,truth ,1
Reader6 ,Actual627 ,modalityA ,1
truth ,Actual627 ,truth ,1
Reader6 ,Actual628 ,modalityA ,1
truth ,Actual628 ,truth ,1
Reader6 ,Actual629 ,modalityA ,1
truth ,Actual629 ,truth ,1
Reader6 ,Actual630 ,modalityA ,1
truth ,Actual630 ,truth ,1
Reader6 ,Actual631 ,modalityA ,1
truth ,Actual631 ,truth ,1
Reader6 ,Actual632 ,modalityA ,1
truth ,Actual632 ,truth ,1
Reader6 ,Actual633 ,modalityA ,1
truth ,Actual633 ,truth ,1
Reader6 ,Actual634 ,modalityA ,1
truth ,Actual634 ,truth ,1
Reader6 ,Actual635 ,modalityA ,1
truth ,Actual635 ,truth ,1
Reader6 ,Actual636 ,modalityA ,1
truth ,Actual636 ,truth ,1
Reader6 ,Actual637 ,modalityA ,1
truth ,Actual637 ,truth ,1
Reader6 ,Actual638 ,modalityA ,1
truth ,Actual638 ,truth ,1
Reader6 ,Actual639 ,modalityA ,1
truth ,Actual639 ,truth ,1
Reader6 ,Actual640 ,modalityA ,1
truth ,Actual640 ,truth ,1
Reader6 ,Actual641 ,modalityA ,1
truth ,Actual641 ,truth ,1
Reader6 ,Actual642 ,modalityA ,1
truth ,Actual642 ,truth ,1
truth ,Fake101 ,truth ,0
truth ,Fake102 ,truth ,0
truth ,Fake103 ,truth ,0
truth ,Fake104 ,truth ,0
truth ,Fake105 ,truth ,0
truth ,Fake106 ,truth ,0
truth ,Fake107 ,truth ,0
truth ,Fake108 ,truth ,0
truth ,Fake109 ,truth ,0
truth ,Fake110 ,truth ,0
truth ,Fake111 ,truth ,0
truth ,Fake112 ,truth ,0
truth ,Fake113 ,truth ,0
truth ,Fake114 ,truth ,0
truth ,Fake115 ,truth ,0
truth ,Fake116 ,truth ,0
truth ,Fake117 ,truth ,0
truth ,Fake118 ,truth ,0
truth ,Fake119 ,truth ,0
truth ,Fake120 ,truth ,0
truth ,Fake121 ,truth ,0
truth ,Fake122 ,truth ,0
truth ,Fake123 ,truth ,0
truth ,Fake124 ,truth ,0
truth ,Fake125 ,truth ,0
truth ,Fake126 ,truth ,0
truth ,Fake127 ,truth ,0
truth ,Fake128 ,truth ,0
truth ,Fake129 ,truth ,0
truth ,Fake130 ,truth ,0
truth ,Fake131 ,truth ,0
truth ,Fake132 ,truth ,0
truth ,Fake133 ,truth ,0
truth ,Fake134 ,truth ,0
truth ,Fake135 ,truth ,0
truth ,Fake136 ,truth ,0
truth ,Fake137 ,truth ,0
truth ,Fake138 ,truth ,0
truth ,Fake139 ,truth ,0
truth ,Fake140 ,truth ,0
truth ,Fake141 ,truth ,0
truth ,Fake142 ,truth ,0
truth ,Fake201 ,truth ,0
truth ,Fake202 ,truth ,0
truth ,Fake203 ,truth ,0
truth ,Fake204 ,truth ,0
truth ,Fake205 ,truth ,0
truth ,Fake206 ,truth ,0
truth ,Fake207 ,truth ,0
truth ,Fake208 ,truth ,0
truth ,Fake209 ,truth ,0
truth ,Fake210 ,truth ,0
truth ,Fake211 ,truth ,0
truth ,Fake212 ,truth ,0
truth ,Fake213 ,truth ,0
truth ,Fake214 ,truth ,0
truth ,Fake215 ,truth ,0
truth ,Fake216 ,truth ,0
truth ,Fake217 ,truth ,0
truth ,Fake218 ,truth ,0
truth ,Fake219 ,truth ,0
truth ,Fake220 ,truth ,0
truth ,Fake221 ,truth ,0
truth ,Fake222 ,truth ,0
truth ,Fake223 ,truth ,0
truth ,Fake224 ,truth ,0
truth ,Fake225 ,truth ,0
truth ,Fake226 ,truth ,0
truth ,Fake227 ,truth ,0
truth ,Fake228 ,truth ,0
truth ,Fake229 ,truth ,0
truth ,Fake230 ,truth ,0
truth ,Fake231 ,truth ,0
truth ,Fake232 ,truth ,0
truth ,Fake233 ,truth ,0
truth ,Fake234 ,truth ,0
truth ,Fake235 ,truth ,0
truth ,Fake236 ,truth ,0
truth ,Fake237 ,truth ,0
truth ,Fake238 ,truth ,0
truth ,Fake239 ,truth ,0
truth ,Fake240 ,truth ,0
truth ,Fake241 ,truth ,0
truth ,Fake242 ,truth ,0
truth ,Fake301 ,truth ,0
truth ,Fake302 ,truth ,0
truth ,Fake303 ,truth ,0
truth ,Fake304 ,truth ,0
truth ,Fake305 ,truth ,0
truth ,Fake306 ,truth ,0
truth ,Fake307 ,truth ,0
truth ,Fake308 ,truth ,0
truth ,Fake309 ,truth ,0
truth ,Fake310 ,truth ,0
truth ,Fake311 ,truth ,0
truth ,Fake312 ,truth ,0
truth ,Fake313 ,truth ,0
truth ,Fake314 ,truth ,0
truth ,Fake315 ,truth ,0
truth ,Fake316 ,truth ,0
truth ,Fake317 ,truth ,0
truth ,Fake318 ,truth ,0
truth ,Fake319 ,truth ,0
truth ,Fake320 ,truth ,0
truth ,Fake321 ,truth ,0
truth ,Fake322 ,truth ,0
truth ,Fake323 ,truth ,0
truth ,Fake324 ,truth ,0
truth ,Fake325 ,truth ,0
truth ,Fake326 ,truth ,0
truth ,Fake327 ,truth ,0
truth ,Fake328 ,truth ,0
truth ,Fake329 ,truth ,0
truth ,Fake330 ,truth ,0
truth ,Fake331 ,truth ,0
truth ,Fake332 ,truth ,0
truth ,Fake333 ,truth ,0
truth ,Fake334 ,truth ,0
truth ,Fake335 ,truth ,0
truth ,Fake336 ,truth ,0
truth ,Fake337 ,truth ,0
truth ,Fake338 ,truth ,0
truth ,Fake339 ,truth ,0
truth ,Fake340 ,truth ,0
truth ,Fake341 ,truth ,0
truth ,Fake342 ,truth ,0
truth ,Fake401 ,truth ,0
truth ,Fake402 ,truth ,0
truth ,Fake403 ,truth ,0
truth ,Fake404 ,truth ,0
truth ,Fake405 ,truth ,0
truth ,Fake406 ,truth ,0
truth ,Fake407 ,truth ,0
truth ,Fake408 ,truth ,0
truth ,Fake409 ,truth ,0
truth ,Fake410 ,truth ,0
truth ,Fake411 ,truth ,0
truth ,Fake412 ,truth ,0
truth ,Fake413 ,truth ,0
truth ,Fake414 ,truth ,0
truth ,Fake415 ,truth ,0
truth ,Fake416 ,truth ,0
truth ,Fake417 ,truth ,0
truth ,Fake418 ,truth ,0
truth ,Fake419 ,truth ,0
truth ,Fake420 ,truth ,0
truth ,Fake421 ,truth ,0
truth ,Fake422 ,truth ,0
truth ,Fake423 ,truth ,0
truth ,Fake424 ,truth ,0
truth ,Fake425 ,truth ,0
truth ,Fake426 ,truth ,0
truth ,Fake427 ,truth ,0
truth ,Fake428 ,truth ,0
truth ,Fake429 ,truth ,0
truth ,Fake430 ,truth ,0
truth ,Fake431 ,truth ,0
truth ,Fake432 ,truth ,0
truth ,Fake433 ,truth ,0
truth ,Fake434 ,truth ,0
truth ,Fake435 ,truth ,0
truth ,Fake436 ,truth ,0
truth ,Fake437 ,truth ,0
truth ,Fake438 ,truth ,0
truth ,Fake439 ,truth ,0
truth ,Fake440 ,truth ,0
truth ,Fake441 ,truth ,0
truth ,Fake442 ,truth ,0
truth ,Fake501 ,truth ,0
truth ,Fake502 ,truth ,0
truth ,Fake503 ,truth ,0
truth ,Fake504 ,truth ,0
truth ,Fake505 ,truth ,0
truth ,Fake506 ,truth ,0
truth ,Fake507 ,truth ,0
truth ,Fake508 ,truth ,0
truth ,Fake509 ,truth ,0
truth ,Fake510 ,truth ,0
truth ,Fake511 ,truth ,0
truth ,Fake512 ,truth ,0
truth ,Fake513 ,truth ,0
truth ,Fake514 ,truth ,0
truth ,Fake515 ,truth ,0
truth ,Fake516 ,truth ,0
truth ,Fake517 ,truth ,0
truth ,Fake518 ,truth ,0
truth ,Fake519 ,truth ,0
truth ,Fake520 ,truth ,0
truth ,Fake521 ,truth ,0
truth ,Fake522 ,truth ,0
truth ,Fake523 ,truth ,0
truth ,Fake524 ,truth ,0
truth ,Fake525 ,truth ,0
truth ,Fake526 ,truth ,0
truth ,Fake527 ,truth ,0
truth ,Fake528 ,truth ,0
truth ,Fake529 ,truth ,0
truth ,Fake530 ,truth ,0
truth ,Fake531 ,truth ,0
truth ,Fake532 ,truth ,0
truth ,Fake533 ,truth ,0
truth ,Fake534 ,truth ,0
truth ,Fake535 ,truth ,0
truth ,Fake536 ,truth ,0
truth ,Fake537 ,truth ,0
truth ,Fake538 ,truth ,0
truth ,Fake539 ,truth ,0
truth ,Fake540 ,truth ,0
truth ,Fake541 ,truth ,0
truth ,Fake542 ,truth ,0
truth ,Fake601 ,truth ,0
truth ,Fake602 ,truth ,0
truth ,Fake603 ,truth ,0
truth ,Fake604 ,truth ,0
truth ,Fake605 ,truth ,0
truth ,Fake606 ,truth ,0
truth ,Fake607 ,truth ,0
truth ,Fake608 ,truth ,0
truth ,Fake609 ,truth ,0
truth ,Fake610 ,truth ,0
truth ,Fake611 ,truth ,0
truth ,Fake612 ,truth ,0
truth ,Fake613 ,truth ,0
truth ,Fake614 ,truth ,0
truth ,Fake615 ,truth ,0
truth ,Fake616 ,truth ,0
truth ,Fake617 ,truth ,0
truth ,Fake618 ,truth ,0
truth ,Fake619 ,truth ,0
truth ,Fake620 ,truth ,0
truth ,Fake621 ,truth ,0
truth ,Fake622 ,truth ,0
truth ,Fake623 ,truth ,0
truth ,Fake624 ,truth ,0
truth ,Fake625 ,truth ,0
truth ,Fake626 ,truth ,0
truth ,Fake627 ,truth ,0
truth ,Fake628 ,truth ,0
truth ,Fake629 ,truth ,0
truth ,Fake630 ,truth ,0
truth ,Fake631 ,truth ,0
truth ,Fake632 ,truth ,0
truth ,Fake633 ,truth ,0
truth ,Fake634 ,truth ,0
truth ,Fake635 ,truth ,0
truth ,Fake636 ,truth ,0
truth ,Fake637 ,truth ,0
truth ,Fake638 ,truth ,0
truth ,Fake639 ,truth ,0
truth ,Fake640 ,truth ,0
truth ,Fake641 ,truth ,0
truth ,Fake642 ,truth ,0
Reader1 ,Fake101 ,modalityA ,0.5
Reader1 ,Fake102 ,modalityA ,0.5
Reader1 ,Fake103 ,modalityA ,0.5
Reader1 ,Fake104 ,modalityA ,0.5
Reader1 ,Fake105 ,modalityA ,0.5
Reader1 ,Fake106 ,modalityA ,0.5
Reader1 ,Fake107 ,modalityA ,0.5
Reader1 ,Fake108 ,modalityA ,0.5
Reader1 ,Fake109 ,modalityA ,0.5
Reader1 ,Fake110 ,modalityA ,0.5
Reader1 ,Fake111 ,modalityA ,0.5
Reader1 ,Fake112 ,modalityA ,0.5
Reader1 ,Fake113 ,modalityA ,0.5
Reader1 ,Fake114 ,modalityA ,0.5
Reader1 ,Fake115 ,modalityA ,0.5
Reader1 ,Fake116 ,modalityA ,0.5
Reader1 ,Fake117 ,modalityA ,0.5
Reader1 ,Fake118 ,modalityA ,0.5
Reader1 ,Fake119 ,modalityA ,0.5
Reader1 ,Fake120 ,modalityA ,0.5
Reader1 ,Fake121 ,modalityA ,0.5
Reader1 ,Fake122 ,modalityA ,0.5
Reader1 ,Fake123 ,modalityA ,0.5
Reader1 ,Fake124 ,modalityA ,0.5
Reader1 ,Fake125 ,modalityA ,0.5
Reader1 ,Fake126 ,modalityA ,0.5
Reader1 ,Fake127 ,modalityA ,0.5
Reader1 ,Fake128 ,modalityA ,0.5
Reader1 ,Fake129 ,modalityA ,0.5
Reader1 ,Fake130 ,modalityA ,0.5
Reader1 ,Fake131 ,modalityA ,0.5
Reader1 ,Fake132 ,modalityA ,0.5
Reader1 ,Fake133 ,modalityA ,0.5
Reader1 ,Fake134 ,modalityA ,0.5
Reader1 ,Fake135 ,modalityA ,0.5
Reader1 ,Fake136 ,modalityA ,0.5
Reader1 ,Fake137 ,modalityA ,0.5
Reader1 ,Fake138 ,modalityA ,0.5
Reader1 ,Fake139 ,modalityA ,0.5
Reader1 ,Fake140 ,modalityA ,0.5
Reader1 ,Fake141 ,modalityA ,0.5
Reader1 ,Fake142 ,modalityA ,0.5
Reader2 ,Fake201 ,modalityA ,0.5
Reader2 ,Fake202 ,modalityA ,0.5
Reader2 ,Fake203 ,modalityA ,0.5
Reader2 ,Fake204 ,modalityA ,0.5
Reader2 ,Fake205 ,modalityA ,0.5
Reader2 ,Fake206 ,modalityA ,0.5
Reader2 ,Fake207 ,modalityA ,0.5
Reader2 ,Fake208 ,modalityA ,0.5
Reader2 ,Fake209 ,modalityA ,0.5
Reader2 ,Fake210 ,modalityA ,0.5
Reader2 ,Fake211 ,modalityA ,0.5
Reader2 ,Fake212 ,modalityA ,0.5
Reader2 ,Fake213 ,modalityA ,0.5
Reader2 ,Fake214 ,modalityA ,0.5
Reader2 ,Fake215 ,modalityA ,0.5
Reader2 ,Fake216 ,modalityA ,0.5
Reader2 ,Fake217 ,modalityA ,0.5
Reader2 ,Fake218 ,modalityA ,0.5
Reader2 ,Fake219 ,modalityA ,0.5
Reader2 ,Fake220 ,modalityA ,0.5
Reader2 ,Fake221 ,modalityA ,0.5
Reader2 ,Fake222 ,modalityA ,0.5
Reader2 ,Fake223 ,modalityA ,0.5
Reader2 ,Fake224 ,modalityA ,0.5
Reader2 ,Fake225 ,modalityA ,0.5
Reader2 ,Fake226 ,modalityA ,0.5
Reader2 ,Fake227 ,modalityA ,0.5
Reader2 ,Fake228 ,modalityA ,0.5
Reader2 ,Fake229 ,modalityA ,0.5
Reader2 ,Fake230 ,modalityA ,0.5
Reader2 ,Fake231 ,modalityA ,0.5
Reader2 ,Fake232 ,modalityA ,0.5
Reader2 ,Fake233 ,modalityA ,0.5
Reader2 ,Fake234 ,modalityA ,0.5
Reader2 ,Fake235 ,modalityA ,0.5
Reader2 ,Fake236 ,modalityA ,0.5
Reader2 ,Fake237 ,modalityA ,0.5
Reader2 ,Fake238 ,modalityA ,0.5
Reader2 ,Fake239 ,modalityA ,0.5
Reader2 ,Fake240 ,modalityA ,0.5
Reader2 ,Fake241 ,modalityA ,0.5
Reader2 ,Fake242 ,modalityA ,0.5
Reader3 ,Fake301 ,modalityA ,0.5
Reader3 ,Fake302 ,modalityA ,0.5
Reader3 ,Fake303 ,modalityA ,0.5
Reader3 ,Fake304 ,modalityA ,0.5
Reader3 ,Fake305 ,modalityA ,0.5
Reader3 ,Fake306 ,modalityA ,0.5
Reader3 ,Fake307 ,modalityA ,0.5
Reader3 ,Fake308 ,modalityA ,0.5
Reader3 ,Fake309 ,modalityA ,0.5
Reader3 ,Fake310 ,modalityA ,0.5
Reader3 ,Fake311 ,modalityA ,0.5
Reader3 ,Fake312 ,modalityA ,0.5
Reader3 ,Fake313 ,modalityA ,0.5
Reader3 ,Fake314 ,modalityA ,0.5
Reader3 ,Fake315 ,modalityA ,0.5
Reader3 ,Fake316 ,modalityA ,0.5
Reader3 ,Fake317 ,modalityA ,0.5
Reader3 ,Fake318 ,modalityA ,0.5
Reader3 ,Fake319 ,modalityA ,0.5
Reader3 ,Fake320 ,modalityA ,0.5
Reader3 ,Fake321 ,modalityA ,0.5
Reader3 ,Fake322 ,modalityA ,0.5
Reader3 ,Fake323 ,modalityA ,0.5
Reader3 ,Fake324 ,modalityA ,0.5
Reader3 ,Fake325 ,modalityA ,0.5
Reader3 ,Fake326 ,modalityA ,0.5
Reader3 ,Fake327 ,modalityA ,0.5
Reader3 ,Fake328 ,modalityA ,0.5
Reader3 ,Fake329 ,modalityA ,0.5
Reader3 ,Fake330 ,modalityA ,0.5
Reader3 ,Fake331 ,modalityA ,0.5
Reader3 ,Fake332 ,modalityA ,0.5
Reader3 ,Fake333 ,modalityA ,0.5
Reader3 ,Fake334 ,modalityA ,0.5
Reader3 ,Fake335 ,modalityA ,0.5
Reader3 ,Fake336 ,modalityA ,0.5
Reader3 ,Fake337 ,modalityA ,0.5
Reader3 ,Fake338 ,modalityA ,0.5
Reader3 ,Fake339 ,modalityA ,0.5
Reader3 ,Fake340 ,modalityA ,0.5
Reader3 ,Fake341 ,modalityA ,0.5
Reader3 ,Fake342 ,modalityA ,0.5
Reader4 ,Fake401 ,modalityA ,0.5
Reader4 ,Fake402 ,modalityA ,0.5
Reader4 ,Fake403 ,modalityA ,0.5
Reader4 ,Fake404 ,modalityA ,0.5
Reader4 ,Fake405 ,modalityA ,0.5
Reader4 ,Fake406 ,modalityA ,0.5
Reader4 ,Fake407 ,modalityA ,0.5
Reader4 ,Fake408 ,modalityA ,0.5
Reader4 ,Fake409 ,modalityA ,0.5
Reader4 ,Fake410 ,modalityA ,0.5
Reader4 ,Fake411 ,modalityA ,0.5
Reader4 ,Fake412 ,modalityA ,0.5
Reader4 ,Fake413 ,modalityA ,0.5
Reader4 ,Fake414 ,modalityA ,0.5
Reader4 ,Fake415 ,modalityA ,0.5
Reader4 ,Fake416 ,modalityA ,0.5
Reader4 ,Fake417 ,modalityA ,0.5
Reader4 ,Fake418 ,modalityA ,0.5
Reader4 ,Fake419 ,modalityA ,0.5
Reader4 ,Fake420 ,modalityA ,0.5
Reader4 ,Fake421 ,modalityA ,0.5
Reader4 ,Fake422 ,modalityA ,0.5
Reader4 ,Fake423 ,modalityA ,0.5
Reader4 ,Fake424 ,modalityA ,0.5
Reader4 ,Fake425 ,modalityA ,0.5
Reader4 ,Fake426 ,modalityA ,0.5
Reader4 ,Fake427 ,modalityA ,0.5
Reader4 ,Fake428 ,modalityA ,0.5
Reader4 ,Fake429 ,modalityA ,0.5
Reader4 ,Fake430 ,modalityA ,0.5
Reader4 ,Fake431 ,modalityA ,0.5
Reader4 ,Fake432 ,modalityA ,0.5
Reader4 ,Fake433 ,modalityA ,0.5
Reader4 ,Fake434 ,modalityA ,0.5
Reader4 ,Fake435 ,modalityA ,0.5
Reader4 ,Fake436 ,modalityA ,0.5
Reader4 ,Fake437 ,modalityA ,0.5
Reader4 ,Fake438 ,modalityA ,0.5
Reader4 ,Fake439 ,modalityA ,0.5
Reader4 ,Fake440 ,modalityA ,0.5
Reader4 ,Fake441 ,modalityA ,0.5
Reader4 ,Fake442 ,modalityA ,0.5
Reader5 ,Fake501 ,modalityA ,0.5
Reader5 ,Fake502 ,modalityA ,0.5
Reader5 ,Fake503 ,modalityA ,0.5
Reader5 ,Fake504 ,modalityA ,0.5
Reader5 ,Fake505 ,modalityA ,0.5
Reader5 ,Fake506 ,modalityA ,0.5
Reader5 ,Fake507 ,modalityA ,0.5
Reader5 ,Fake508 ,modalityA ,0.5
Reader5 ,Fake509 ,modalityA ,0.5
Reader5 ,Fake510 ,modalityA ,0.5
Reader5 ,Fake511 ,modalityA ,0.5
Reader5 ,Fake512 ,modalityA ,0.5
Reader5 ,Fake513 ,modalityA ,0.5
Reader5 ,Fake514 ,modalityA ,0.5
Reader5 ,Fake515 ,modalityA ,0.5
Reader5 ,Fake516 ,modalityA ,0.5
Reader5 ,Fake517 ,modalityA ,0.5
Reader5 ,Fake518 ,modalityA ,0.5
Reader5 ,Fake519 ,modalityA ,0.5
Reader5 ,Fake520 ,modalityA ,0.5
Reader5 ,Fake521 ,modalityA ,0.5
Reader5 ,Fake522 ,modalityA ,0.5
Reader5 ,Fake523 ,modalityA ,0.5
Reader5 ,Fake524 ,modalityA ,0.5
Reader5 ,Fake525 ,modalityA ,0.5
Reader5 ,Fake526 ,modalityA ,0.5
Reader5 ,Fake527 ,modalityA ,0.5
Reader5 ,Fake528 ,modalityA ,0.5
Reader5 ,Fake529 ,modalityA ,0.5
Reader5 ,Fake530 ,modalityA ,0.5
Reader5 ,Fake531 ,modalityA ,0.5
Reader5 ,Fake532 ,modalityA ,0.5
Reader5 ,Fake533 ,modalityA ,0.5
Reader5 ,Fake534 ,modalityA ,0.5
Reader5 ,Fake535 ,modalityA ,0.5
Reader5 ,Fake536 ,modalityA ,0.5
Reader5 ,Fake537 ,modalityA ,0.5
Reader5 ,Fake538 ,modalityA ,0.5
Reader5 ,Fake539 ,modalityA ,0.5
Reader5 ,Fake540 ,modalityA ,0.5
Reader5 ,Fake541 ,modalityA ,0.5
Reader5 ,Fake542 ,modalityA ,0.5
Reader6 ,Fake601 ,modalityA ,0.5
Reader6 ,Fake602 ,modalityA ,0.5
Reader6 ,Fake603 ,modalityA ,0.5
Reader6 ,Fake604 ,modalityA ,0.5
Reader6 ,Fake605 ,modalityA ,0.5
Reader6 ,Fake606 ,modalityA ,0.5
Reader6 ,Fake607 ,modalityA ,0.5
Reader6 ,Fake608 ,modalityA ,0.5
Reader6 ,Fake609 ,modalityA ,0.5
Reader6 ,Fake610 ,modalityA ,0.5
Reader6 ,Fake611 ,modalityA ,0.5
Reader6 ,Fake612 ,modalityA ,0.5
Reader6 ,Fake613 ,modalityA ,0.5
Reader6 ,Fake614 ,modalityA ,0.5
Reader6 ,Fake615 ,modalityA ,0.5
Reader6 ,Fake616 ,modalityA ,0.5
Reader6 ,Fake617 ,modalityA ,0.5
Reader6 ,Fake618 ,modalityA ,0.5
Reader6 ,Fake619 ,modalityA ,0.5
Reader6 ,Fake620 ,modalityA ,0.5
Reader6 ,Fake621 ,modalityA ,0.5
Reader6 ,Fake622 ,modalityA ,0.5
Reader6 ,Fake623 ,modalityA ,0.5
Reader6 ,Fake624 ,modalityA ,0.5
Reader6 ,Fake625 ,modalityA ,0.5
Reader6 ,Fake626 ,modalityA ,0.5
Reader6 ,Fake627 ,modalityA ,0.5
Reader6 ,Fake628 ,modalityA ,0.5
Reader6 ,Fake629 ,modalityA ,0.5
Reader6 ,Fake630 ,modalityA ,0.5
Reader6 ,Fake631 ,modalityA ,0.5
Reader6 ,Fake632 ,modalityA ,0.5
Reader6 ,Fake633 ,modalityA ,0.5
Reader6 ,Fake634 ,modalityA ,0.5
Reader6 ,Fake635 ,modalityA ,0.5
Reader6 ,Fake636 ,modalityA ,0.5
Reader6 ,Fake637 ,modalityA ,0.5
Reader6 ,Fake638 ,modalityA ,0.5
Reader6 ,Fake639 ,modalityA ,0.5
Reader6 ,Fake640 ,modalityA ,0.5
Reader6 ,Fake641 ,modalityA ,0.5
Reader6 ,Fake642 ,modalityA ,0.5